time,symbol,type,action,reason,current_price,pnl_pct,market,strategy,pnl_usd,side,entry,tp,sl,margin,notional,leverage
2026-03-11 07:08:28 UTC,MATICUSDT,SYSTEM,ERROR,400 Client Error: Bad Request for url: https://api.bitget.com/api/v2/mix/market/candles?symbol=MATICUSDT&productType=USDT-FUTURES&granularity=5m&limit=1000&endTime=1773212908470,,,,,,,,,,,,
2026-03-11 07:08:34 UTC,ATOMUSDT,ENTRY,OPEN,RANGE + VWAP_1.5 信号成立,1.8061,0.0,RANGE,VWAP_1.5,,,,,,,,
2026-03-11 07:08:34 UTC,FILUSDT,ENTRY,OPEN,RANGE + VWAP_2.5 信号成立,0.8687,0.0,RANGE,VWAP_2.5,,,,,,,,
2026-03-11 07:08:34 UTC,NEARUSDT,ENTRY,OPEN,RANGE + VWAP_2.5 信号成立,1.2859,0.0,RANGE,VWAP_2.5,,,,,,,,
2026-03-11 07:08:34 UTC,SUIUSDT,ENTRY,OPEN,RANGE + VWAP_2.0 信号成立,0.9525,0.0,RANGE,VWAP_2.0,,,,,,,,
2026-03-11 07:08:34 UTC,AVAXUSDT,ENTRY,OPEN,RANGE + VWAP_2.5 信号成立,9.595,0.0,RANGE,VWAP_2.5,,,,,,,,
2026-03-11 07:51:44 UTC,MATICUSDT,SYSTEM,ERROR,400 Client Error: Bad Request for url: https://api.bitget.com/api/v2/mix/market/candles?symbol=MATICUSDT&productType=USDT-FUTURES&granularity=5m&limit=1000&endTime=1773215504333,,,,,,,,,,,,
2026-03-11 07:51:48 UTC,ATOMUSDT,POSITION,HOLD,结构未失效，继续持有,1.8058,0.0166,RANGE,VWAP_1.5,,,,,,,,
2026-03-11 07:51:48 UTC,FILUSDT,POSITION,PARTIAL_TP,达到第一目标，部分止盈并上移止损到入场附近,0.8758,0.8173,TREND_UP,VWAP_2.5,,,,,,,,
2026-03-11 07:51:48 UTC,NEARUSDT,POSITION,PARTIAL_TP,达到第一目标，部分止盈并下移止损到入场附近,1.2771,0.6891,RANGE,VWAP_2.5,,,,,,,,
2026-03-11 07:51:48 UTC,SUIUSDT,POSITION,PARTIAL_TP,达到第一目标，部分止盈并下移止损到入场附近,0.9493,0.3371,RANGE,VWAP_2.0,,,,,,,,
2026-03-11 07:51:48 UTC,AVAXUSDT,POSITION,PARTIAL_TP,达到第一目标，部分止盈并下移止损到入场附近,9.519,0.7984,RANGE,VWAP_2.5,,,,,,,,
2026-03-11 08:24:37 UTC,MATICUSDT,SYSTEM,ERROR,400 Client Error: Bad Request for url: https://api.bitget.com/api/v2/mix/market/candles?symbol=MATICUSDT&productType=USDT-FUTURES&granularity=5m&limit=1000&endTime=1773217477321,,,,,,,,,,,,
2026-03-11 08:24:43 UTC,ATOMUSDT,POSITION,CLOSE,触发止损,1.8126,-0.3586,RANGE,VWAP_1.5,,,,,,,,
2026-03-11 08:24:43 UTC,FILUSDT,POSITION,MOVE_SL,盈利扩大，上移止损,0.8735,0.5525,TREND_UP,VWAP_2.5,,,,,,,,
2026-03-11 08:24:43 UTC,NEARUSDT,POSITION,MOVE_SL,盈利扩大，下移止损,1.2769,0.7048,RANGE,VWAP_2.5,,,,,,,,
2026-03-11 08:24:43 UTC,SUIUSDT,POSITION,MOVE_SL,盈利扩大，下移止损,0.9474,0.5383,RANGE,VWAP_2.0,,,,,,,,
2026-03-11 08:24:43 UTC,AVAXUSDT,POSITION,MOVE_SL,盈利扩大，下移止损,9.497,1.0319,RANGE,VWAP_2.5,,,,,,,,
2026-03-11 08:24:43 UTC,ATOMUSDT,ENTRY,OPEN,RANGE + VWAP_2.0 信号成立,1.8126,0.0,RANGE,VWAP_2.0,,,,,,,,
2026-03-11 08:39:18 UTC,MATICUSDT,SYSTEM,ERROR,400 Client Error: Bad Request for url: https://api.bitget.com/api/v2/mix/market/candles?symbol=MATICUSDT&productType=USDT-FUTURES&granularity=5m&limit=1000&endTime=1773218357894,,,,,,,,,,,,
2026-03-11 08:39:22 UTC,ATOMUSDT,POSITION,HOLD,结构未失效，继续持有,1.8115,0.0607,RANGE,VWAP_2.0,,,,,,,,
2026-03-11 08:39:22 UTC,FILUSDT,POSITION,MOVE_SL,盈利扩大，上移止损,0.8782,1.0936,TREND_UP,VWAP_2.5,,,,,,,,
2026-03-11 08:39:22 UTC,NEARUSDT,POSITION,MOVE_SL,盈利扩大，下移止损,1.2722,1.0769,RANGE,VWAP_2.5,,,,,,,,
2026-03-11 08:39:22 UTC,SUIUSDT,POSITION,MOVE_SL,盈利扩大，下移止损,0.9483,0.4429,RANGE,VWAP_2.0,,,,,,,,
2026-03-11 08:39:22 UTC,AVAXUSDT,POSITION,CLOSE,触发止损,9.538,0.5976,RANGE,VWAP_2.5,,,,,,,,
2026-03-11 08:39:22 UTC,APTUSDT,ENTRY,OPEN,RANGE + VWAP_1.5 信号成立,0.9394,0.0,RANGE,VWAP_1.5,,,,,,,,
2026-03-11 08:44:24 UTC,MATICUSDT,SYSTEM,ERROR,400 Client Error: Bad Request for url: https://api.bitget.com/api/v2/mix/market/candles?symbol=MATICUSDT&productType=USDT-FUTURES&granularity=5m&limit=1000&endTime=1773218663863,,,,,,,,,,,,
2026-03-11 08:44:29 UTC,ATOMUSDT,POSITION,HOLD,结构未失效，继续持有,1.8166,-0.2202,RANGE,VWAP_2.0,,,,,,,,
2026-03-11 08:44:29 UTC,FILUSDT,POSITION,MOVE_SL,盈利扩大，上移止损,0.8761,0.8518,TREND_UP,VWAP_2.5,,,,,,,,
2026-03-11 08:44:29 UTC,NEARUSDT,POSITION,MOVE_SL,盈利扩大，下移止损,1.2734,0.9816,RANGE,VWAP_2.5,,,,,,,,
2026-03-11 08:44:29 UTC,SUIUSDT,POSITION,CLOSE,触发止损,0.9499,0.2737,RANGE,VWAP_2.0,,,,,,,,
2026-03-11 08:44:29 UTC,APTUSDT,POSITION,HOLD,结构未失效，继续持有,0.9409,0.1597,RANGE,VWAP_1.5,,,,,,,,
2026-03-11 08:44:29 UTC,BNBUSDT,ENTRY,OPEN,RANGE + VWAP_1.5 信号成立,642.3,0.0,RANGE,VWAP_1.5,,,,,,,,
2026-03-11 09:04:31 UTC,MATICUSDT,SYSTEM,ERROR,400 Client Error: Bad Request for url: https://api.bitget.com/api/v2/mix/market/candles?symbol=MATICUSDT&productType=USDT-FUTURES&granularity=5m&limit=1000&endTime=1773219871421,,,,,,,,,,,,
2026-03-11 09:04:37 UTC,ATOMUSDT,POSITION,CLOSE,触发止损,1.8207,-0.4449,RANGE,VWAP_2.0,,,,,,,,
2026-03-11 09:04:37 UTC,FILUSDT,POSITION,HOLD,结构未失效，继续持有,0.8736,0.5641,TREND_UP,VWAP_2.5,,,,,,,,
2026-03-11 09:04:37 UTC,NEARUSDT,POSITION,MOVE_SL,盈利扩大，下移止损,1.2745,0.8945,RANGE,VWAP_2.5,,,,,,,,
2026-03-11 09:04:37 UTC,APTUSDT,POSITION,HOLD,结构未失效，继续持有,0.9393,-0.0106,RANGE,VWAP_1.5,,,,,,,,
2026-03-11 09:04:37 UTC,BNBUSDT,POSITION,PARTIAL_TP,达到第一目标，部分止盈并下移止损到入场附近,641.24,0.1653,RANGE,VWAP_1.5,,,,,,,,
2026-03-11 09:04:37 UTC,ATOMUSDT,ENTRY,OPEN,RANGE + VWAP_2.5 信号成立,1.8207,0.0,RANGE,VWAP_2.5,,,,,,,,
2026-03-11 09:19:26 UTC,MATICUSDT,SYSTEM,ERROR,400 Client Error: Bad Request for url: https://api.bitget.com/api/v2/mix/market/candles?symbol=MATICUSDT&productType=USDT-FUTURES&granularity=5m&limit=1000&endTime=1773220766768,,,,,,,,,,,,
2026-03-11 09:19:31 UTC,ATOMUSDT,POSITION,PARTIAL_TP,达到第一目标，部分止盈并下移止损到入场附近,1.8148,0.3251,RANGE,VWAP_2.5,,,,,,,,
2026-03-11 09:19:31 UTC,FILUSDT,POSITION,MOVE_SL,盈利扩大，上移止损,0.8765,0.8979,TREND_UP,VWAP_2.5,,,,,,,,
2026-03-11 09:19:31 UTC,NEARUSDT,POSITION,MOVE_SL,盈利扩大，下移止损,1.2714,1.1405,RANGE,VWAP_2.5,,,,,,,,
2026-03-11 09:19:31 UTC,APTUSDT,POSITION,HOLD,结构未失效，继续持有,0.9405,0.1171,RANGE,VWAP_1.5,,,,,,,,
2026-03-11 09:19:31 UTC,BNBUSDT,POSITION,HOLD,结构未失效，继续持有,641.52,0.1216,RANGE,VWAP_1.5,,,,,,,,
2026-03-11 17:26:31 UTC+8,MATICUSDT,SYSTEM,ERROR,400 Client Error: Bad Request for url: https://api.bitget.com/api/v2/mix/market/candles?symbol=MATICUSDT&productType=USDT-FUTURES&granularity=5m&limit=1000&endTime=1773221191584,,,,,,,,,,,,
2026-03-11 17:26:35 UTC+8,AVAXUSDT,ENTRY,OPEN,震荡市场中价格显著高于 VWAP，且 RSI 偏高，做空等回归,9.548,0.0,RANGE,VWAP_2.5,0.0,SHORT,9.548,9.24321632,9.5695,2500.0,12500.0,
2026-03-11 17:56:57,MATICUSDT,SYSTEM,ERROR,400 Client Error: Bad Request for url: https://api.bitget.com/api/v2/mix/market/candles?symbol=MATICUSDT&productType=USDT-FUTURES&granularity=5m&limit=1000&endTime=1773223017654,,,,,,,,,,,,
2026-03-11 17:57:04,ACCOUNT,ACCOUNT,FUNDING,本轮收取资金费 0.2500U,,,,,,,,,,,,
2026-03-11 17:57:04,AVAXUSDT,POSITION,PARTIAL_TP,达到第一目标，部分止盈并下移止损到入场附近,9.519,0.3047,RANGE,VWAP_2.5,37.9661,SHORT,9.548,9.24321632,9.5695,,,
2026-03-11 17:57:04,APTUSDT,ENTRY,OPEN,震荡市场中价格低于 VWAP 1.5%，轻仓做多等回归,0.9399,0.0,RANGE,VWAP_1.5,0.0,LONG,0.9399,0.95664655,0.93828571,2506.929,12534.6451,5.0
2026-03-11 18:34:50,MATICUSDT,SYSTEM,ERROR,400 Client Error: Bad Request for url: https://api.bitget.com/api/v2/mix/market/candles?symbol=MATICUSDT&productType=USDT-FUTURES&granularity=5m&limit=1000&endTime=1773225290153,,,,,,,,,,,,
2026-03-11 18:34:56,ACCOUNT,ACCOUNT,FUNDING,本轮收取资金费 0.5007U,,,,,,,,,,,,
2026-03-11 18:34:56,AVAXUSDT,POSITION,CLOSE,触发止损,9.573,-0.2612,RANGE,VWAP_2.5,-42.7294,SHORT,9.548,9.24321632,9.548,,,
2026-03-11 18:34:56,APTUSDT,POSITION,HOLD,结构未失效，继续持有,0.9418,0.2021,RANGE,VWAP_1.5,25.3387,LONG,0.9399,0.95664655,0.93828571,,,
2026-03-11 18:34:56,AVAXUSDT,ENTRY,OPEN,震荡市场中价格显著高于 VWAP，且 RSI 偏高，做空等回归,9.573,0.0,RANGE,VWAP_2.5,0.0,SHORT,9.573,9.2445053,9.59485714,2490.4577,12452.2886,5.0
2026-03-11 18:34:56,ATOMUSDT,ENTRY,OPEN,震荡市场中价格高于 VWAP 2%，偏离足够，做空等回归,1.8147,0.0,RANGE,VWAP_2.0,0.0,SHORT,1.8147,1.77482363,1.81835,2490.4577,12452.2886,5.0
2026-03-11 18:34:56,NEARUSDT,ENTRY,OPEN,震荡市场中价格显著高于 VWAP，且 RSI 偏高，做空等回归,1.2802,0.0,RANGE,VWAP_2.5,0.0,SHORT,1.2802,1.24881603,1.28366429,2490.4577,12452.2886,5.0
2026-03-11 18:34:56,BNBUSDT,ENTRY,OPEN,震荡市场中价格高于 VWAP 1.5%，轻仓做空等回归,642.0,0.0,RANGE,VWAP_1.5,0.0,SHORT,642.0,630.80657047,642.96142857,2490.4577,12452.2886,5.0
2026-03-11 19:09:19,MATICUSDT,SYSTEM,ERROR,400 Client Error: Bad Request for url: https://api.bitget.com/api/v2/mix/market/candles?symbol=MATICUSDT&productType=USDT-FUTURES&granularity=5m&limit=1000&endTime=1773227359015,,,,,,,,,,,,
2026-03-11 19:09:25,ACCOUNT,ACCOUNT,FUNDING,本轮收取资金费 1.2469U,,,,,,,,,,,,
2026-03-11 19:09:25,AVAXUSDT,POSITION,HOLD,结构未失效，继续持有,9.593,-0.2085,RANGE,VWAP_2.5,-26.0154,SHORT,9.573,9.2445053,9.59485714,,,
2026-03-11 19:09:25,APTUSDT,POSITION,PARTIAL_TP,达到第一目标，部分止盈并上移止损到入场附近,0.9443,0.4681,RANGE,VWAP_1.5,58.679,LONG,0.9399,0.95664655,0.93828571,,,
2026-03-11 19:09:25,ATOMUSDT,POSITION,HOLD,结构未失效，继续持有,1.818,-0.1815,RANGE,VWAP_2.0,-22.6443,SHORT,1.8147,1.77482363,1.81835,,,
2026-03-11 19:09:25,NEARUSDT,POSITION,HOLD,结构未失效，继续持有,1.2829,-0.2105,RANGE,VWAP_2.5,-26.2624,SHORT,1.2802,1.24881603,1.28366429,,,
2026-03-11 19:09:25,BNBUSDT,POSITION,PARTIAL_TP,达到第一目标，部分止盈并下移止损到入场附近,637.8,0.6585,RANGE,VWAP_1.5,81.4636,SHORT,642.0,630.80657047,642.96142857,,,
2026-03-11 19:46:56,MATICUSDT,SYSTEM,ERROR,400 Client Error: Bad Request for url: https://api.bitget.com/api/v2/mix/market/candles?symbol=MATICUSDT&productType=USDT-FUTURES&granularity=5m&limit=1000&endTime=1773229616116,,,,,,,,,,,,
2026-03-11 19:47:01,ACCOUNT,ACCOUNT,FUNDING,本轮收取资金费 1.2469U,,,,,,,,,,,,
2026-03-11 19:47:01,AVAXUSDT,POSITION,PARTIAL_TP,达到第一目标，部分止盈并下移止损到入场附近,9.545,0.2933,RANGE,VWAP_2.5,36.4216,SHORT,9.573,9.2445053,9.59485714,,,
2026-03-11 19:47:01,APTUSDT,POSITION,HOLD,结构未失效，继续持有,0.94,0.0106,RANGE,VWAP_1.5,1.3336,LONG,0.9399,0.95664655,0.9399,,,
2026-03-11 19:47:01,ATOMUSDT,POSITION,PARTIAL_TP,达到第一目标，部分止盈并下移止损到入场附近,1.811,0.2043,RANGE,VWAP_2.0,25.389,SHORT,1.8147,1.77482363,1.81835,,,
2026-03-11 19:47:01,NEARUSDT,POSITION,HOLD,结构未失效，继续持有,1.2805,-0.0234,RANGE,VWAP_2.5,-2.918,SHORT,1.2802,1.24881603,1.28366429,,,
2026-03-11 19:47:01,BNBUSDT,POSITION,MOVE_SL,盈利扩大，下移止损,636.31,0.8942,RANGE,VWAP_1.5,110.3637,SHORT,642.0,630.80657047,642.0,,,
2026-03-11 20:03:51,MATICUSDT,SYSTEM,ERROR,400 Client Error: Bad Request for url: https://api.bitget.com/api/v2/mix/market/candles?symbol=MATICUSDT&productType=USDT-FUTURES&granularity=5m&limit=1000&endTime=1773230631081,,,,,,,,,,,,
2026-03-11 20:03:55,ACCOUNT,ACCOUNT,FUNDING,本轮收取资金费 1.2469U,,,,,,,,,,,,
2026-03-11 20:03:55,AVAXUSDT,POSITION,MOVE_SL,盈利扩大，下移止损,9.521,0.5462,RANGE,VWAP_2.5,67.6401,SHORT,9.573,9.2445053,9.573,,,
2026-03-11 20:03:55,APTUSDT,POSITION,HOLD,结构未失效，继续持有,0.9406,0.0745,RANGE,VWAP_1.5,9.3353,LONG,0.9399,0.95664655,0.9399,,,
2026-03-11 20:03:55,ATOMUSDT,POSITION,MOVE_SL,盈利扩大，下移止损,1.8103,0.2431,RANGE,VWAP_2.0,30.1924,SHORT,1.8147,1.77482363,1.8147,,,
2026-03-11 20:03:55,NEARUSDT,POSITION,CLOSE,触发止损,1.2857,-0.4278,RANGE,VWAP_2.5,-63.4594,SHORT,1.2802,1.24881603,1.28366429,,,
2026-03-11 20:03:55,BNBUSDT,POSITION,MOVE_SL,盈利扩大，下移止损,637.12,0.7659,RANGE,VWAP_1.5,94.6529,SHORT,642.0,630.80657047,638.87154596,,,
2026-03-11 20:03:55,NEARUSDT,ENTRY,OPEN,震荡市场中价格显著高于 VWAP，且 RSI 偏高，做空等回归,1.2857,0.0,RANGE,VWAP_2.5,0.0,SHORT,1.2857,1.24894623,1.28927857,50.3153,251.5766,5.0
2026-03-11 21:22:57,MATICUSDT,SYSTEM,ERROR,400 Client Error: Bad Request for url: https://api.bitget.com/api/v2/mix/market/candles?symbol=MATICUSDT&productType=USDT-FUTURES&granularity=5m&limit=1000&endTime=1773235377336,,,,,,,,,,,,
2026-03-11 21:23:01,ACCOUNT,ACCOUNT,FUNDING,本轮收取资金费 1.0029U,,,,,,,,,,,,
2026-03-11 21:23:01,AVAXUSDT,POSITION,CLOSE,触发止损,9.708,-1.3906,RANGE,VWAP_2.5,-185.566,SHORT,9.573,9.2445053,9.55758816,,,
2026-03-11 21:23:01,APTUSDT,POSITION,CLOSE,触发止盈,0.9626,2.4152,TREND_UP,VWAP_1.5,292.7028,LONG,0.9399,0.95664655,0.9399,,,
2026-03-11 21:23:01,ATOMUSDT,POSITION,CLOSE,触发止损,1.8322,-0.9551,RANGE,VWAP_2.0,-130.0451,SHORT,1.8147,1.77482363,1.81262873,,,
2026-03-11 21:23:01,NEARUSDT,POSITION,CLOSE,触发止损,1.3063,-1.577,TREND_UP,VWAP_2.5,-4.2321,SHORT,1.2857,1.24894623,1.28927857,,,
2026-03-11 21:23:01,BNBUSDT,POSITION,CLOSE,触发止损,646.66,-0.7206,RANGE,VWAP_1.5,-100.3476,SHORT,642.0,630.80657047,638.4614949,,,
2026-03-11 21:23:01,BTCUSDT,ENTRY,OPEN,震荡市场中价格高于 VWAP 2%，偏离足够，做空等回归,70250.0,0.0,RANGE,VWAP_2.0,0.0,SHORT,70250.0,68717.00898107,70469.07857143,2425.1882,12125.941,5.0
2026-03-11 21:23:01,ETHUSDT,ENTRY,OPEN,震荡市场中价格高于 VWAP 2%，偏离足够，做空等回归,2045.2,0.0,RANGE,VWAP_2.0,0.0,SHORT,2045.2,2001.54610343,2051.88,2425.1882,12125.941,5.0
2026-03-11 21:23:01,SOLUSDT,ENTRY,OPEN,震荡市场中价格高于 VWAP 1.5%，轻仓做空等回归,86.31,0.0,RANGE,VWAP_1.5,0.0,SHORT,86.31,84.77313126,86.63671429,2425.1882,12125.941,5.0
2026-03-11 21:23:01,BNBUSDT,ENTRY,OPEN,震荡市场中价格高于 VWAP 2%，偏离足够，做空等回归,646.66,0.0,RANGE,VWAP_2.0,0.0,SHORT,646.66,631.00860542,648.08857143,2425.1882,12125.941,5.0
2026-03-11 21:23:01,AVAXUSDT,ENTRY,OPEN,震荡市场中价格显著高于 VWAP，且 RSI 偏高，做空等回归,9.708,0.0,RANGE,VWAP_2.5,0.0,SHORT,9.708,9.25338794,9.741,2425.1882,12125.941,5.0
2026-03-11 22:14:32,MATICUSDT,SYSTEM,ERROR,400 Client Error: Bad Request for url: https://api.bitget.com/api/v2/mix/market/candles?symbol=MATICUSDT&productType=USDT-FUTURES&granularity=5m&limit=1000&endTime=1773238472510,,,,,,,,,,,,
2026-03-11 22:14:38,ACCOUNT,ACCOUNT,FUNDING,本轮收取资金费 1.2126U,,,,,,,,,,,,
2026-03-11 22:14:38,AVAXUSDT,POSITION,HOLD,结构未失效，继续持有,9.681,0.2789,TREND_UP,VWAP_2.5,33.7248,SHORT,9.708,9.25338794,9.741,,,
2026-03-11 22:14:38,BNBUSDT,POSITION,HOLD,结构未失效，继续持有,646.2,0.0712,TREND_UP,VWAP_2.0,8.6258,SHORT,646.66,631.00860542,648.08857143,,,
2026-03-11 22:14:38,BTCUSDT,POSITION,HOLD,结构未失效，继续持有,70110.0,0.1997,TREND_UP,VWAP_2.0,24.1656,SHORT,70250.0,68717.00898107,70469.07857143,,,
2026-03-11 22:14:38,ETHUSDT,POSITION,HOLD,结构未失效，继续持有,2048.5,-0.1611,TREND_UP,VWAP_2.0,-19.5656,SHORT,2045.2,2001.54610343,2051.88,,,
2026-03-11 22:14:38,SOLUSDT,POSITION,HOLD,结构未失效，继续持有,85.978,0.3861,TREND_UP,VWAP_1.5,46.6436,SHORT,86.31,84.77313126,86.63671429,,,
2026-03-11 23:05:58,MATICUSDT,SYSTEM,ERROR,400 Client Error: Bad Request for url: https://api.bitget.com/api/v2/mix/market/candles?symbol=MATICUSDT&productType=USDT-FUTURES&granularity=5m&limit=1000&endTime=1773241558539,,,,,,,,,,,,
2026-03-11 23:06:03,ACCOUNT,ACCOUNT,FUNDING,本轮收取资金费 1.2126U,,,,,,,,,,,,
2026-03-11 23:06:03,AVAXUSDT,POSITION,PARTIAL_TP,达到第一目标，部分止盈并下移止损到入场附近,9.628,0.8309,TREND_UP,VWAP_2.5,99.9253,SHORT,9.708,9.25338794,9.741,,,
2026-03-11 23:06:03,BNBUSDT,POSITION,HOLD,结构未失效，继续持有,647.27,-0.0942,TREND_UP,VWAP_2.0,-11.4385,SHORT,646.66,631.00860542,648.08857143,,,
2026-03-11 23:06:03,BTCUSDT,POSITION,HOLD,结构未失效，继续持有,70399.6,-0.2125,TREND_UP,VWAP_2.0,-25.8226,SHORT,70250.0,68717.00898107,70469.07857143,,,
2026-03-11 23:06:03,ETHUSDT,POSITION,CLOSE,触发止损,2057.44,-0.5949,TREND_UP,VWAP_2.0,-82.2714,SHORT,2045.2,2001.54610343,2051.88,,,
2026-03-11 23:06:03,SOLUSDT,POSITION,HOLD,结构未失效，继续持有,86.217,0.1079,TREND_UP,VWAP_1.5,13.0658,SHORT,86.31,84.77313126,86.63671429,,,
2026-03-11 23:59:17,MATICUSDT,SYSTEM,ERROR,400 Client Error: Bad Request for url: https://api.bitget.com/api/v2/mix/market/candles?symbol=MATICUSDT&productType=USDT-FUTURES&granularity=5m&limit=1000&endTime=1773244756892,,,,,,,,,,,,
2026-03-11 23:59:22,ACCOUNT,ACCOUNT,FUNDING,本轮收取资金费 0.9701U,,,,,,,,,,,,
2026-03-11 23:59:22,AVAXUSDT,POSITION,MOVE_SL,盈利扩大，下移止损,9.593,1.1988,RANGE,VWAP_2.5,143.6427,SHORT,9.708,9.25338794,9.708,,,
2026-03-11 23:59:22,BNBUSDT,POSITION,HOLD,结构未失效，继续持有,645.72,0.1456,RANGE,VWAP_2.0,17.6265,SHORT,646.66,631.00860542,648.08857143,,,
2026-03-11 23:59:22,BTCUSDT,POSITION,HOLD,结构未失效，继续持有,70213.6,0.0518,RANGE,VWAP_2.0,6.283,SHORT,70250.0,68717.00898107,70469.07857143,,,
2026-03-11 23:59:22,SOLUSDT,POSITION,PARTIAL_TP,达到第一目标，部分止盈并下移止损到入场附近,85.41,1.0537,RANGE,VWAP_1.5,126.4436,SHORT,86.31,84.77313126,86.63671429,,,
2026-03-12 00:55:09,MATICUSDT,SYSTEM,ERROR,400 Client Error: Bad Request for url: https://api.bitget.com/api/v2/mix/market/candles?symbol=MATICUSDT&productType=USDT-FUTURES&granularity=5m&limit=1000&endTime=1773248109495,,,,,,,,,,,,
2026-03-12 00:55:15,ACCOUNT,ACCOUNT,FUNDING,本轮收取资金费 0.9701U,,,,,,,,,,,,
2026-03-12 00:55:15,AVAXUSDT,POSITION,CLOSE,触发止损,9.623,0.8833,RANGE,VWAP_2.5,96.4699,SHORT,9.708,9.25338794,9.61752425,,,
2026-03-12 00:55:15,BNBUSDT,POSITION,CLOSE,触发止损,648.24,-0.2437,RANGE,VWAP_2.0,-39.3284,SHORT,646.66,631.00860542,648.08857143,,,
2026-03-12 00:55:15,BTCUSDT,POSITION,CLOSE,触发止损,70607.5,-0.5063,RANGE,VWAP_2.0,-71.4093,SHORT,70250.0,68717.00898107,70469.07857143,,,
2026-03-12 00:55:15,SOLUSDT,POSITION,CLOSE,触发止损,86.4,-0.1042,RANGE,VWAP_1.5,-22.3451,SHORT,86.31,84.77313126,86.31,,,
2026-03-12 00:55:15,LINKUSDT,ENTRY,OPEN,震荡市场中价格高于 VWAP 2%，偏离足够，做空等回归,9.048,0.0,RANGE,VWAP_2.0,0.0,SHORT,9.048,8.85242998,9.08014286,2382.2499,11911.2493,5.0
2026-03-12 00:55:15,SOLUSDT,ENTRY,OPEN,震荡市场中价格高于 VWAP 1.5%，轻仓做空等回归,86.4,0.0,RANGE,VWAP_1.5,0.0,SHORT,86.4,84.77620722,86.70442857,2382.2499,11911.2493,5.0
2026-03-12 00:55:15,INJUSDT,ENTRY,OPEN,震荡市场中价格显著高于 VWAP，且 RSI 偏高，做空等回归,2.986,0.0,RANGE,VWAP_2.5,0.0,SHORT,2.986,2.89673714,2.99485714,2382.2499,11911.2493,5.0
2026-03-12 00:55:15,BTCUSDT,ENTRY,OPEN,震荡市场中价格显著高于 VWAP，且 RSI 偏高，做空等回归,70607.5,0.0,RANGE,VWAP_2.5,0.0,SHORT,70607.5,68801.1363732,70800.51428571,2382.2499,11911.2493,5.0
2026-03-12 00:55:15,ADAUSDT,ENTRY,OPEN,震荡市场中价格高于 VWAP 2%，偏离足够，做空等回归,0.2635,0.0,RANGE,VWAP_2.0,0.0,SHORT,0.2635,0.25803262,0.2644,2382.2499,11911.2493,5.0
2026-03-12 01:42:02,MATICUSDT,SYSTEM,ERROR,400 Client Error: Bad Request for url: https://api.bitget.com/api/v2/mix/market/candles?symbol=MATICUSDT&productType=USDT-FUTURES&granularity=5m&limit=1000&endTime=1773250922053,,,,,,,,,,,,
2026-03-12 01:42:07,ACCOUNT,ACCOUNT,FUNDING,本轮收取资金费 1.1911U,,,,,,,,,,,,
2026-03-12 01:42:07,BTCUSDT,POSITION,CLOSE,触发止损,70811.8,-0.2885,TREND_UP,VWAP_2.5,-43.9937,SHORT,70607.5,68801.1363732,70800.51428571,,,
2026-03-12 01:42:07,SOLUSDT,POSITION,CLOSE,触发止损,87.516,-1.2752,TREND_UP,VWAP_1.5,-163.3826,SHORT,86.4,84.77620722,86.70442857,,,
2026-03-12 01:42:07,LINKUSDT,POSITION,CLOSE,触发止损,9.084,-0.3963,RANGE,VWAP_2.0,-56.9212,SHORT,9.048,8.85242998,9.08014286,,,
2026-03-12 01:42:07,INJUSDT,POSITION,HOLD,结构未失效，继续持有,2.989,-0.1004,RANGE,VWAP_2.5,-11.9671,SHORT,2.986,2.89673714,2.99485714,,,
2026-03-12 01:42:07,ADAUSDT,POSITION,CLOSE,触发止损,0.2648,-0.4909,RANGE,VWAP_2.0,-68.2942,SHORT,0.2635,0.25803262,0.2644,,,
2026-03-12 01:42:07,ATOMUSDT,ENTRY,OPEN,震荡市场中价格显著高于 VWAP，且 RSI 偏高，做空等回归,1.8345,0.0,RANGE,VWAP_2.5,0.0,SHORT,1.8345,1.77557188,1.83907857,2283.9011,11419.5055,5.0
2026-03-12 02:34:04,MATICUSDT,SYSTEM,ERROR,400 Client Error: Bad Request for url: https://api.bitget.com/api/v2/mix/market/candles?symbol=MATICUSDT&productType=USDT-FUTURES&granularity=5m&limit=1000&endTime=1773254044765,,,,,,,,,,,,
2026-03-12 02:34:10,ACCOUNT,ACCOUNT,FUNDING,本轮收取资金费 0.4666U,,,,,,,,,,,,
2026-03-12 02:34:10,ATOMUSDT,POSITION,HOLD,结构未失效，继续持有,1.8367,-0.1198,RANGE,VWAP_2.5,-13.6947,SHORT,1.8345,1.77557188,1.83907857,,,
2026-03-12 02:34:10,INJUSDT,POSITION,HOLD,结构未失效，继续持有,2.991,-0.1672,RANGE,VWAP_2.5,-19.9452,SHORT,2.986,2.89673714,2.99485714,,,
2026-03-12 02:34:10,AVAXUSDT,ENTRY,OPEN,震荡市场中价格显著高于 VWAP，且 RSI 偏高，做空等回归,9.713,0.0,RANGE,VWAP_2.5,0.0,SHORT,9.713,9.28260064,9.74821429,2276.0824,11380.4119,5.0
2026-03-12 02:34:10,LTCUSDT,ENTRY,OPEN,震荡市场中价格高于 VWAP 2%，偏离足够，做空等回归,55.03,0.0,RANGE,VWAP_2.0,0.0,SHORT,55.03,53.7566815,55.15785714,2276.0824,11380.4119,5.0
2026-03-12 02:34:10,NEARUSDT,ENTRY,OPEN,震荡市场中价格高于 VWAP 2%，偏离足够，做空等回归,1.2941,0.0,RANGE,VWAP_2.0,0.0,SHORT,1.2941,1.25310432,1.29855714,2276.0824,11380.4119,5.0
2026-03-12 03:27:15,MATICUSDT,SYSTEM,ERROR,400 Client Error: Bad Request for url: https://api.bitget.com/api/v2/mix/market/candles?symbol=MATICUSDT&productType=USDT-FUTURES&granularity=5m&limit=1000&endTime=1773257234831,,,,,,,,,,,,
2026-03-12 03:27:20,ACCOUNT,ACCOUNT,FUNDING,本轮收取资金费 1.1494U,,,,,,,,,,,,
2026-03-12 03:27:20,AVAXUSDT,POSITION,HOLD,结构未失效，继续持有,9.717,-0.0412,RANGE,VWAP_2.5,-4.6867,SHORT,9.713,9.28260064,9.74821429,,,
2026-03-12 03:27:20,ATOMUSDT,POSITION,HOLD,结构未失效，继续持有,1.8388,-0.2338,RANGE,VWAP_2.5,-26.7669,SHORT,1.8345,1.77557188,1.83907857,,,
2026-03-12 03:27:20,NEARUSDT,POSITION,PARTIAL_TP,达到第一目标，部分止盈并下移止损到入场附近,1.2907,0.2634,RANGE,VWAP_2.0,29.8999,SHORT,1.2941,1.25310432,1.29855714,,,
2026-03-12 03:27:20,INJUSDT,POSITION,CLOSE,触发止损,3.006,-0.6653,RANGE,VWAP_2.5,-89.3096,SHORT,2.986,2.89673714,2.99485714,,,
2026-03-12 03:27:20,LTCUSDT,POSITION,HOLD,结构未失效，继续持有,54.98,0.0909,RANGE,VWAP_2.0,10.3402,SHORT,55.03,53.7566815,55.15785714,,,
2026-03-12 03:56:41,MATICUSDT,SYSTEM,ERROR,400 Client Error: Bad Request for url: https://api.bitget.com/api/v2/mix/market/candles?symbol=MATICUSDT&productType=USDT-FUTURES&granularity=5m&limit=1000&endTime=1773259001191,,,,,,,,,,,,
2026-03-12 03:56:45,ACCOUNT,ACCOUNT,FUNDING,本轮收取资金费 0.9112U,,,,,,,,,,,,
2026-03-12 03:56:45,AVAXUSDT,POSITION,HOLD,结构未失效，继续持有,9.695,0.1857,RANGE,VWAP_2.5,21.09,SHORT,9.713,9.28260064,9.74821429,,,
2026-03-12 03:56:45,ATOMUSDT,POSITION,HOLD,结构未失效，继续持有,1.8343,0.0109,RANGE,VWAP_2.5,1.245,SHORT,1.8345,1.77557188,1.83907857,,,
2026-03-12 03:56:45,NEARUSDT,POSITION,HOLD,结构未失效，继续持有,1.2929,0.0928,RANGE,VWAP_2.0,10.5529,SHORT,1.2941,1.25310432,1.2941,,,
2026-03-12 03:56:45,LTCUSDT,POSITION,HOLD,结构未失效，继续持有,54.97,0.1092,RANGE,VWAP_2.0,12.4082,SHORT,55.03,53.7566815,55.15785714,,,
2026-03-12 04:29:06,MATICUSDT,SYSTEM,ERROR,400 Client Error: Bad Request for url: https://api.bitget.com/api/v2/mix/market/candles?symbol=MATICUSDT&productType=USDT-FUTURES&granularity=5m&limit=1000&endTime=1773260946739,,,,,,,,,,,,
2026-03-12 04:29:15,ACCOUNT,ACCOUNT,FUNDING,本轮收取资金费 0.9112U,,,,,,,,,,,,
2026-03-12 04:29:15,AVAXUSDT,POSITION,PARTIAL_TP,达到第一目标，部分止盈并下移止损到入场附近,9.644,0.7155,RANGE,VWAP_2.5,80.8451,SHORT,9.713,9.28260064,9.74821429,,,
2026-03-12 04:29:15,ATOMUSDT,POSITION,PARTIAL_TP,达到第一目标，部分止盈并下移止损到入场附近,1.8309,0.1966,RANGE,VWAP_2.5,22.4095,SHORT,1.8345,1.77557188,1.83907857,,,
2026-03-12 04:29:15,NEARUSDT,POSITION,HOLD,结构未失效，继续持有,1.2928,0.1006,RANGE,VWAP_2.0,11.4323,SHORT,1.2941,1.25310432,1.2941,,,
2026-03-12 04:29:15,LTCUSDT,POSITION,PARTIAL_TP,达到第一目标，部分止盈并下移止损到入场附近,54.84,0.3465,RANGE,VWAP_2.0,39.2927,SHORT,55.03,53.7566815,55.15785714,,,
2026-03-12 04:29:15,SUIUSDT,ENTRY,OPEN,上升趋势中回踩 EMA20，RSI 偏低，顺势做多,0.9829,0.0,TREND_UP,TrendPullback_Long,0.0,LONG,0.9829,0.98823571,0.97993571,57.1958,285.979,5.0
2026-03-12 04:57:49,MATICUSDT,SYSTEM,ERROR,400 Client Error: Bad Request for url: https://api.bitget.com/api/v2/mix/market/candles?symbol=MATICUSDT&productType=USDT-FUTURES&granularity=5m&limit=1000&endTime=1773262669312,,,,,,,,,,,,
2026-03-12 04:57:55,ACCOUNT,ACCOUNT,FUNDING,本轮收取资金费 0.9169U,,,,,,,,,,,,
2026-03-12 04:57:55,AVAXUSDT,POSITION,MOVE_SL,盈利扩大，下移止损,9.653,0.6216,RANGE,VWAP_2.5,70.3001,SHORT,9.713,9.28260064,9.713,,,
2026-03-12 04:57:55,ATOMUSDT,POSITION,MOVE_SL,盈利扩大，下移止损,1.8291,0.2952,RANGE,VWAP_2.5,33.6142,SHORT,1.8345,1.77557188,1.8345,,,
2026-03-12 04:57:55,NEARUSDT,POSITION,MOVE_SL,盈利扩大，下移止损,1.2911,0.2324,RANGE,VWAP_2.0,26.3822,SHORT,1.2941,1.25310432,1.2941,,,
2026-03-12 04:57:55,LTCUSDT,POSITION,MOVE_SL,盈利扩大，下移止损,54.86,0.3099,RANGE,VWAP_2.0,35.1566,SHORT,55.03,53.7566815,55.03,,,
2026-03-12 04:57:55,SUIUSDT,POSITION,HOLD,结构未失效，继续持有,0.9842,0.1323,RANGE,TrendPullback_Long,0.3782,LONG,0.9829,0.98823571,0.97993571,,,
2026-03-12 05:31:11,MATICUSDT,SYSTEM,ERROR,400 Client Error: Bad Request for url: https://api.bitget.com/api/v2/mix/market/candles?symbol=MATICUSDT&productType=USDT-FUTURES&granularity=5m&limit=1000&endTime=1773264670874,,,,,,,,,,,,
2026-03-12 05:31:17,ACCOUNT,ACCOUNT,FUNDING,本轮收取资金费 0.9169U,,,,,,,,,,,,
2026-03-12 05:31:17,AVAXUSDT,POSITION,MOVE_SL,盈利扩大，下移止损,9.628,0.8828,RANGE,VWAP_2.5,99.5918,SHORT,9.713,9.28260064,9.6681357,,,
2026-03-12 05:31:17,ATOMUSDT,POSITION,MOVE_SL,盈利扩大，下移止损,1.8287,0.3172,RANGE,VWAP_2.5,36.1042,SHORT,1.8345,1.77557188,1.83170165,,,
2026-03-12 05:31:17,NEARUSDT,POSITION,CLOSE,触发止损,1.2926,0.116,RANGE,VWAP_2.0,4.0868,SHORT,1.2941,1.25310432,1.29151284,,,
2026-03-12 05:31:17,LTCUSDT,POSITION,CLOSE,触发止损,55.01,0.0364,RANGE,VWAP_2.0,-4.9683,SHORT,55.03,53.7566815,54.90153714,,,
2026-03-12 05:31:17,SUIUSDT,POSITION,HOLD,结构未失效，继续持有,0.9854,0.2543,RANGE,TrendPullback_Long,0.7274,LONG,0.9829,0.98823571,0.97993571,,,
2026-03-12 05:31:17,LTCUSDT,ENTRY,OPEN,震荡市场中价格高于 VWAP 2%，偏离足够，做空等回归,55.01,0.0,RANGE,VWAP_2.0,0.0,SHORT,55.01,53.75908165,55.08785714,2287.9635,11439.8175,5.0
2026-03-12 05:31:17,OPUSDT,ENTRY,OPEN,震荡市场中价格高于 VWAP 1.5%，轻仓做空等回归,0.1207,0.0,RANGE,VWAP_1.5,0.0,SHORT,0.1207,0.11864248,0.1209,2287.9635,11439.8175,5.0
2026-03-12 05:57:13,MATICUSDT,SYSTEM,ERROR,400 Client Error: Bad Request for url: https://api.bitget.com/api/v2/mix/market/candles?symbol=MATICUSDT&productType=USDT-FUTURES&granularity=5m&limit=1000&endTime=1773266233122,,,,,,,,,,,,
2026-03-12 05:57:19,ACCOUNT,ACCOUNT,FUNDING,本轮收取资金费 0.9193U,,,,,,,,,,,,
2026-03-12 05:57:19,AVAXUSDT,POSITION,MOVE_SL,盈利扩大，下移止损,9.643,0.7259,RANGE,VWAP_2.5,82.0168,SHORT,9.713,9.28260064,9.6480162,,,
2026-03-12 05:57:19,ATOMUSDT,POSITION,CLOSE,触发止损,1.8339,0.0327,RANGE,VWAP_2.5,-5.4007,SHORT,1.8345,1.77557188,1.83046133,,,
2026-03-12 05:57:19,LTCUSDT,POSITION,HOLD,结构未失效，继续持有,55.08,-0.1271,RANGE,VWAP_2.0,-14.5571,SHORT,55.01,53.75908165,55.08785714,,,
2026-03-12 05:57:19,SUIUSDT,POSITION,CLOSE,触发止盈,0.9913,0.8546,RANGE,TrendPullback_Long,2.2152,LONG,0.9829,0.98823571,0.97993571,,,
2026-03-12 05:57:19,OPUSDT,POSITION,CLOSE,触发止损,0.121,-0.2479,RANGE,VWAP_1.5,-37.5855,SHORT,0.1207,0.11864248,0.1209,,,
2026-03-12 05:57:19,ARBUSDT,ENTRY,OPEN,震荡市场中价格显著高于 VWAP，且 RSI 偏高，做空等回归,0.101,0.0,RANGE,VWAP_2.5,0.0,SHORT,0.101,0.09815905,0.10116429,2255.7241,11278.6204,5.0
2026-03-12 05:57:19,OPUSDT,ENTRY,OPEN,震荡市场中价格高于 VWAP 1.5%，轻仓做空等回归,0.121,0.0,RANGE,VWAP_1.5,0.0,SHORT,0.121,0.11864324,0.12116429,2255.7241,11278.6204,5.0
2026-03-12 05:57:19,ATOMUSDT,ENTRY,OPEN,震荡市场中价格显著高于 VWAP，且 RSI 偏高，做空等回归,1.8339,0.0,RANGE,VWAP_2.5,0.0,SHORT,1.8339,1.77443723,1.83601429,2255.7241,11278.6204,5.0
2026-03-12 06:23:51,MATICUSDT,SYSTEM,ERROR,400 Client Error: Bad Request for url: https://api.bitget.com/api/v2/mix/market/candles?symbol=MATICUSDT&productType=USDT-FUTURES&granularity=5m&limit=1000&endTime=1773267830901,,,,,,,,,,,,
2026-03-12 06:23:55,ACCOUNT,ACCOUNT,FUNDING,本轮收取资金费 1.1331U,,,,,,,,,,,,
2026-03-12 06:23:55,AVAXUSDT,POSITION,MOVE_SL,盈利扩大，下移止损,9.617,0.9982,RANGE,VWAP_2.5,112.4801,SHORT,9.713,9.28260064,9.64352592,,,
2026-03-12 06:23:55,ATOMUSDT,POSITION,HOLD,结构未失效，继续持有,1.8316,0.1256,RANGE,VWAP_2.5,14.1452,SHORT,1.8339,1.77443723,1.83601429,,,
2026-03-12 06:23:55,LTCUSDT,POSITION,HOLD,结构未失效，继续持有,55.04,-0.0545,RANGE,VWAP_2.0,-6.2388,SHORT,55.01,53.75908165,55.08785714,,,
2026-03-12 06:23:55,OPUSDT,POSITION,PARTIAL_TP,达到第一目标，部分止盈并下移止损到入场附近,0.1207,0.2486,RANGE,VWAP_1.5,27.9635,SHORT,0.121,0.11864324,0.12116429,,,
2026-03-12 06:23:55,ARBUSDT,POSITION,PARTIAL_TP,达到第一目标，部分止盈并下移止损到入场附近,0.1005,0.4975,RANGE,VWAP_2.5,55.8348,SHORT,0.101,0.09815905,0.10116429,,,
2026-03-12 06:46:10,MATICUSDT,SYSTEM,ERROR,400 Client Error: Bad Request for url: https://api.bitget.com/api/v2/mix/market/candles?symbol=MATICUSDT&productType=USDT-FUTURES&granularity=5m&limit=1000&endTime=1773269169851,,,,,,,,,,,,
2026-03-12 06:46:15,ACCOUNT,ACCOUNT,FUNDING,本轮收取资金费 1.1331U,,,,,,,,,,,,
2026-03-12 06:46:15,AVAXUSDT,POSITION,MOVE_SL,盈利扩大，下移止损,9.594,1.2404,RANGE,VWAP_2.5,139.4285,SHORT,9.713,9.28260064,9.63473517,,,
2026-03-12 06:46:15,ATOMUSDT,POSITION,PARTIAL_TP,达到第一目标，部分止盈并下移止损到入场附近,1.8307,0.1748,RANGE,VWAP_2.5,19.6802,SHORT,1.8339,1.77443723,1.83601429,,,
2026-03-12 06:46:15,LTCUSDT,POSITION,PARTIAL_TP,达到第一目标，部分止盈并下移止损到入场附近,54.93,0.1456,RANGE,VWAP_2.0,16.6367,SHORT,55.01,53.75908165,55.08785714,,,
2026-03-12 06:46:15,OPUSDT,POSITION,MOVE_SL,盈利扩大，下移止损,0.1206,0.3317,RANGE,VWAP_1.5,37.2847,SHORT,0.121,0.11864324,0.121,,,
2026-03-12 06:46:15,ARBUSDT,POSITION,MOVE_SL,盈利扩大，下移止损,0.1003,0.6979,RANGE,VWAP_2.5,78.1687,SHORT,0.101,0.09815905,0.101,,,
2026-03-12 07:00:02,MATICUSDT,SYSTEM,ERROR,400 Client Error: Bad Request for url: https://api.bitget.com/api/v2/mix/market/candles?symbol=MATICUSDT&productType=USDT-FUTURES&granularity=5m&limit=1000&endTime=1773270002113,,,,,,,,,,,,
2026-03-12 07:00:07,ACCOUNT,ACCOUNT,FUNDING,本轮收取资金费 1.1331U,,,,,,,,,,,,
2026-03-12 07:00:07,AVAXUSDT,POSITION,MOVE_SL,盈利扩大，下移止损,9.595,1.2298,RANGE,VWAP_2.5,138.2568,SHORT,9.713,9.28260064,9.61911464,,,
2026-03-12 07:00:07,ATOMUSDT,POSITION,CLOSE,触发止损,1.834,-0.0055,RANGE,VWAP_2.5,-9.6379,SHORT,1.8339,1.77443723,1.8339,,,
2026-03-12 07:00:07,LTCUSDT,POSITION,HOLD,结构未失效，继续持有,54.95,0.1092,RANGE,VWAP_2.0,12.4775,SHORT,55.01,53.75908165,55.01,,,
2026-03-12 07:00:07,OPUSDT,POSITION,CLOSE,触发止损,0.1208,0.1656,RANGE,VWAP_1.5,9.6195,SHORT,0.121,0.11864324,0.12065569,,,
2026-03-12 07:00:07,ARBUSDT,POSITION,CLOSE,触发止损,0.1006,0.3976,RANGE,VWAP_2.5,35.6449,SHORT,0.101,0.09815905,0.10052464,,,
2026-03-12 07:00:07,INJUSDT,ENTRY,OPEN,震荡市场中价格显著高于 VWAP，且 RSI 偏高，做空等回归,3.013,0.0,RANGE,VWAP_2.5,0.0,SHORT,3.013,2.897304,3.01857143,2277.8324,11389.1618,5.0
2026-03-12 07:00:07,SUIUSDT,ENTRY,OPEN,震荡市场中价格显著高于 VWAP，且 RSI 偏高，做空等回归,0.9872,0.0,RANGE,VWAP_2.5,0.0,SHORT,0.9872,0.93686818,0.99008571,2277.8324,11389.1618,5.0
2026-03-12 07:00:07,ATOMUSDT,ENTRY,OPEN,震荡市场中价格显著高于 VWAP，且 RSI 偏高，做空等回归,1.834,0.0,RANGE,VWAP_2.5,0.0,SHORT,1.834,1.77463113,1.83684286,2277.8324,11389.1618,5.0
2026-03-12 07:30:42,MATICUSDT,SYSTEM,ERROR,400 Client Error: Bad Request for url: https://api.bitget.com/api/v2/mix/market/candles?symbol=MATICUSDT&productType=USDT-FUTURES&granularity=5m&limit=1000&endTime=1773271842562,,,,,,,,,,,,
2026-03-12 07:30:48,ACCOUNT,ACCOUNT,FUNDING,本轮收取资金费 1.1398U,,,,,,,,,,,,
2026-03-12 07:30:48,AVAXUSDT,POSITION,MOVE_SL,盈利扩大，下移止损,9.566,1.5367,RANGE,VWAP_2.5,172.2352,SHORT,9.713,9.28260064,9.61207305,,,
2026-03-12 07:30:48,ATOMUSDT,POSITION,CLOSE,触发止损,1.8408,-0.3694,RANGE,VWAP_2.5,-51.3394,SHORT,1.834,1.77463113,1.83684286,,,
2026-03-12 07:30:48,INJUSDT,POSITION,PARTIAL_TP,达到第一目标，部分止盈并下移止损到入场附近,3.006,0.2329,RANGE,VWAP_2.5,26.4601,SHORT,3.013,2.897304,3.01857143,,,
2026-03-12 07:30:48,LTCUSDT,POSITION,MOVE_SL,盈利扩大，下移止损,54.76,0.4565,RANGE,VWAP_2.0,51.9897,SHORT,55.01,53.75908165,55.01,,,
2026-03-12 07:30:48,SUIUSDT,POSITION,PARTIAL_TP,达到第一目标，部分止盈并下移止损到入场附近,0.9847,0.2539,RANGE,VWAP_2.5,28.8421,SHORT,0.9872,0.93686818,0.99008571,,,
2026-03-12 07:30:48,FILUSDT,ENTRY,OPEN,震荡市场中价格显著低于 VWAP，且 RSI 偏低，做多等回归,0.8784,0.0,RANGE,VWAP_2.5,0.0,LONG,0.8784,0.91878156,0.87625714,38.5684,192.8419,5.0
2026-03-12 07:51:25,MATICUSDT,SYSTEM,ERROR,400 Client Error: Bad Request for url: https://api.bitget.com/api/v2/mix/market/candles?symbol=MATICUSDT&productType=USDT-FUTURES&granularity=5m&limit=1000&endTime=1773273085421,,,,,,,,,,,,
2026-03-12 07:51:31,ACCOUNT,ACCOUNT,FUNDING,本轮收取资金费 0.9158U,,,,,,,,,,,,
2026-03-12 07:51:31,AVAXUSDT,POSITION,MOVE_SL,盈利扩大，下移止损,9.548,1.7281,TREND_DOWN,VWAP_2.5,193.3252,SHORT,9.713,9.28260064,9.59772824,,,
2026-03-12 07:51:31,INJUSDT,POSITION,MOVE_SL,盈利扩大，下移止损,3.002,0.3664,RANGE,VWAP_2.5,41.5801,SHORT,3.013,2.897304,3.013,,,
2026-03-12 07:51:31,LTCUSDT,POSITION,MOVE_SL,盈利扩大，下移止损,54.74,0.4932,RANGE,VWAP_2.0,56.1489,SHORT,55.01,53.75908165,54.90594055,,,
2026-03-12 07:51:31,SUIUSDT,POSITION,MOVE_SL,盈利扩大，下移止损,0.9796,0.7758,RANGE,VWAP_2.5,87.6799,SHORT,0.9872,0.93686818,0.9872,,,
2026-03-12 07:51:31,FILUSDT,POSITION,HOLD,结构未失效，继续持有,0.8785,0.0114,RANGE,VWAP_2.5,0.022,LONG,0.8784,0.91878156,0.87625714,,,
2026-03-12 08:47:00,MATICUSDT,SYSTEM,ERROR,400 Client Error: Bad Request for url: https://api.bitget.com/api/v2/mix/market/candles?symbol=MATICUSDT&productType=USDT-FUTURES&granularity=5m&limit=1000&endTime=1773276419914,,,,,,,,,,,,
2026-03-12 08:47:06,ACCOUNT,ACCOUNT,FUNDING,本轮收取资金费 0.9158U,,,,,,,,,,,,
2026-03-12 08:47:06,AVAXUSDT,POSITION,MOVE_SL,盈利扩大，下移止损,9.529,1.9309,TREND_DOWN,VWAP_2.5,215.5869,SHORT,9.713,9.28260064,9.58009337,,,
2026-03-12 08:47:06,INJUSDT,POSITION,MOVE_SL,盈利扩大，下移止损,2.999,0.4668,RANGE,VWAP_2.5,52.9201,SHORT,3.013,2.897304,3.00694229,,,
2026-03-12 08:47:06,LTCUSDT,POSITION,CLOSE,触发止损,54.86,0.2734,RANGE,VWAP_2.0,22.042,SHORT,55.01,53.75908165,54.84438553,,,
2026-03-12 08:47:06,SUIUSDT,POSITION,MOVE_SL,盈利扩大，下移止损,0.9765,1.0958,RANGE,VWAP_2.5,123.4441,SHORT,0.9872,0.93686818,0.98367113,,,
2026-03-12 08:47:06,FILUSDT,POSITION,CLOSE,触发止损,0.8724,-0.6831,TREND_DOWN,VWAP_2.5,-1.4715,LONG,0.8784,0.91878156,0.87625714,,,
2026-03-12 11:17:12,ACCOUNT,ACCOUNT,FUNDING,本轮收取资金费 0.6832U,,,,,,,,,,,,
2026-03-12 11:17:12,AVAXUSDT,POSITION,MOVE_SL,盈利扩大，下移止损,9.456,2.7179,TREND_DOWN,VWAP_2.5,301.1187,SHORT,9.713,9.28260064,9.54879173,,,
2026-03-12 11:17:12,INJUSDT,POSITION,MOVE_SL,盈利扩大，下移止损,2.972,1.3795,RANGE,VWAP_2.5,154.9803,SHORT,3.013,2.897304,3.00416148,,,
2026-03-12 11:17:12,SUIUSDT,POSITION,MOVE_SL,盈利扩大，下移止损,0.9662,2.1735,TREND_DOWN,VWAP_2.5,242.2735,SHORT,0.9872,0.93686818,0.97984992,,,
2026-03-12 11:21:57,ACCOUNT,ACCOUNT,FUNDING,本轮收取资金费 0.6832U,,,,,,,,,,,,
2026-03-12 11:21:57,AVAXUSDT,POSITION,MOVE_SL,盈利扩大，下移止损,9.468,2.5877,TREND_DOWN,VWAP_2.5,287.0587,SHORT,9.713,9.28260064,9.47732437,,,
2026-03-12 11:21:57,INJUSDT,POSITION,MOVE_SL,盈利扩大，下移止损,2.98,1.1074,RANGE,VWAP_2.5,124.7402,SHORT,3.013,2.897304,2.98252173,,,
2026-03-12 11:21:57,SUIUSDT,POSITION,MOVE_SL,盈利扩大，下移止损,0.9673,2.0573,TREND_DOWN,VWAP_2.5,229.583,SHORT,0.9872,0.93686818,0.96824226,,,
2026-03-12 11:26:23,INJUSDT,ENTRY,OPEN,震荡市场中价格显著高于 VWAP，且 RSI 偏高，做空等回归,2.978,0.0,RANGE,VWAP_2.5,0.0,SHORT,2.978,2.89997058,2.98414286,1200.0,3600.0,3.0
2026-03-12 13:00:01,ACCOUNT,ACCOUNT,FUNDING,本轮收取资金费 0.0720U,,,,,,,,,,,,
2026-03-12 13:00:01,INJUSDT,POSITION,PARTIAL_TP,达到第一目标，部分止盈并下移止损到入场附近,2.97,0.2694,RANGE,VWAP_2.5,9.6709,SHORT,2.978,2.89997058,2.98414286,,,
2026-03-12 13:54:22,ACCOUNT,ACCOUNT,FUNDING,本轮收取资金费 0.0720U,,,,,,,,,,,,
2026-03-12 13:54:22,INJUSDT,POSITION,MOVE_SL,盈利扩大，下移止损,2.962,0.5402,RANGE,VWAP_2.5,19.3418,SHORT,2.978,2.89997058,2.978,,,
2026-03-12 14:39:19,ACCOUNT,ACCOUNT,FUNDING,本轮收取资金费 0.0720U,,,,,,,,,,,,
2026-03-12 14:39:19,INJUSDT,POSITION,CLOSE,触发止损,2.978,0.0,RANGE,VWAP_2.5,-2.88,SHORT,2.978,2.89997058,2.96591455,,,
2026-03-12 14:39:19,INJUSDT,ENTRY,OPEN,震荡市场中价格显著高于 VWAP，且 RSI 偏高，做空等回归,2.978,0.0,RANGE,VWAP_2.5,0.0,SHORT,2.978,2.90060412,2.98335714,1199.2829,3597.8486,3.0
2026-03-12 15:32:57,ACCOUNT,ACCOUNT,FUNDING,本轮收取资金费 0.0720U,,,,,,,,,,,,
2026-03-12 15:32:57,INJUSDT,POSITION,CLOSE,触发止损,2.998,-0.6671,RANGE,VWAP_2.5,-27.0411,SHORT,2.978,2.90060412,2.98335714,,,
2026-03-12 15:32:57,SUIUSDT,ENTRY,OPEN,震荡市场中价格显著高于 VWAP，且 RSI 偏高，做空等回归,0.9777,0.0,RANGE,VWAP_2.5,0.0,SHORT,0.9777,0.93937595,0.97991429,1195.6839,3587.0517,3.0
2026-03-12 15:32:57,INJUSDT,ENTRY,OPEN,震荡市场中价格显著高于 VWAP，且 RSI 偏高，做空等回归,2.998,0.0,RANGE,VWAP_2.5,0.0,SHORT,2.998,2.90103061,3.003,1195.6839,3587.0517,3.0
2026-03-12 16:03:40,ACCOUNT,ACCOUNT,FUNDING,本轮收取资金费 0.1435U,,,,,,,,,,,,
2026-03-12 16:03:40,INJUSDT,POSITION,PARTIAL_TP,达到第一目标，部分止盈并下移止损到入场附近,2.981,0.5703,RANGE,VWAP_2.5,20.3402,SHORT,2.998,2.90103061,3.003,,,
2026-03-12 16:03:40,SUIUSDT,POSITION,CLOSE,触发止损,0.9815,-0.3872,RANGE,VWAP_2.5,-16.8113,SHORT,0.9777,0.93937595,0.97991429,,,
2026-03-12 16:03:40,AVAXUSDT,ENTRY,OPEN,震荡市场中价格显著高于 VWAP，且 RSI 偏高，做空等回归,9.595,0.0,RANGE,VWAP_2.5,0.0,SHORT,9.595,9.34264464,9.612,1195.4014,3586.2043,3.0
2026-03-12 16:56:44,ACCOUNT,ACCOUNT,FUNDING,本轮收取资金费 0.1435U,,,,,,,,,,,,
2026-03-12 16:56:44,INJUSDT,POSITION,MOVE_SL,盈利扩大，下移止损,2.984,0.4692,RANGE,VWAP_2.5,16.7507,SHORT,2.998,2.90103061,2.998,,,
2026-03-12 16:56:44,AVAXUSDT,POSITION,PARTIAL_TP,达到第一目标，部分止盈并下移止损到入场附近,9.571,0.2508,RANGE,VWAP_2.5,8.9702,SHORT,9.595,9.34264464,9.612,,,
2026-03-12 16:56:44,NEARUSDT,ENTRY,OPEN,上升趋势中回踩 EMA20，RSI 偏低，顺势做多,1.3114,0.0,TREND_UP,TrendPullback_Long,0.0,LONG,1.3114,1.31918286,1.30653571,1195.6856,3587.0569,3.0
2026-03-12 17:37:39,ACCOUNT,ACCOUNT,FUNDING,本轮收取资金费 0.2152U,,,,,,,,,,,,
2026-03-12 17:37:39,INJUSDT,POSITION,MOVE_SL,盈利扩大，下移止损,2.971,0.9088,RANGE,VWAP_2.5,32.305,SHORT,2.998,2.90103061,2.981762,,,
2026-03-12 17:37:39,AVAXUSDT,POSITION,MOVE_SL,盈利扩大，下移止损,9.52,0.7878,RANGE,VWAP_2.5,28.0318,SHORT,9.595,9.34264464,9.595,,,
2026-03-12 17:37:39,NEARUSDT,POSITION,PARTIAL_TP,达到第一目标，部分止盈并上移止损到入场附近,1.3189,0.5719,TREND_UP,TrendPullback_Long,20.5147,LONG,1.3114,1.31918286,1.30653571,,,
2026-03-12 18:23:07,ACCOUNT,ACCOUNT,FUNDING,本轮收取资金费 0.2152U,,,,,,,,,,,,
2026-03-12 18:23:07,INJUSDT,POSITION,CLOSE,触发止损,3.008,-0.3324,RANGE,VWAP_2.5,-14.8345,SHORT,2.998,2.90103061,2.97961421,,,
2026-03-12 18:23:07,AVAXUSDT,POSITION,CLOSE,触发止损,9.608,-0.1353,RANGE,VWAP_2.5,-7.7278,SHORT,9.595,9.34264464,9.54909808,,,
2026-03-12 18:23:07,NEARUSDT,POSITION,CLOSE,触发止盈,1.3286,1.3116,TREND_UP,TrendPullback_Long,44.1773,LONG,1.3114,1.31918286,1.3114,,,
2026-03-12 18:23:07,AVAXUSDT,ENTRY,OPEN,震荡市场中价格显著高于 VWAP，且 RSI 偏高，做空等回归,9.608,0.0,RANGE,VWAP_2.5,0.0,SHORT,9.608,9.34947107,9.63878571,1194.7969,3584.3908,3.0
2026-03-12 18:23:07,BNBUSDT,ENTRY,OPEN,震荡市场中价格显著高于 VWAP，且 RSI 偏高，做空等回归,650.46,0.0,RANGE,VWAP_2.5,0.0,SHORT,650.46,634.31434762,651.54428571,1194.7969,3584.3908,3.0
2026-03-12 19:03:35,ACCOUNT,ACCOUNT,FUNDING,本轮收取资金费 0.1434U,,,,,,,,,,,,
2026-03-12 19:03:35,AVAXUSDT,POSITION,HOLD,结构未失效，继续持有,9.609,-0.0104,RANGE,VWAP_2.5,-0.3731,SHORT,9.608,9.34947107,9.63878571,,,
2026-03-12 19:03:35,BNBUSDT,POSITION,HOLD,结构未失效，继续持有,651.16,-0.1075,RANGE,VWAP_2.5,-3.8574,SHORT,650.46,634.31434762,651.54428571,,,
2026-03-12 19:03:35,FILUSDT,ENTRY,OPEN,震荡市场中价格显著低于 VWAP，且 RSI 偏低，做多等回归,0.8656,0.0,RANGE,VWAP_2.5,0.0,LONG,0.8656,0.91324844,0.86392857,1193.5839,3580.7516,3.0
2026-03-12 19:38:35,ACCOUNT,ACCOUNT,FUNDING,本轮收取资金费 0.2150U,,,,,,,,,,,,
2026-03-12 19:38:35,AVAXUSDT,POSITION,HOLD,结构未失效，继续持有,9.593,0.1564,RANGE,VWAP_2.5,5.5959,SHORT,9.608,9.34947107,9.63878571,,,
2026-03-12 19:38:35,BNBUSDT,POSITION,CLOSE,触发止损,652.79,-0.3569,RANGE,VWAP_2.5,-15.7071,SHORT,650.46,634.31434762,651.54428571,,,
2026-03-12 19:38:35,FILUSDT,POSITION,CLOSE,触发止损,0.8638,-0.2079,RANGE,VWAP_2.5,-10.3107,LONG,0.8656,0.91324844,0.86392857,,,
2026-03-12 19:38:35,FILUSDT,ENTRY,OPEN,震荡市场中价格显著低于 VWAP，且 RSI 偏低，做多等回归,0.8638,0.0,RANGE,VWAP_2.5,0.0,LONG,0.8638,0.91288942,0.86207857,1191.2713,3573.814,3.0
2026-03-12 19:38:35,BNBUSDT,ENTRY,OPEN,震荡市场中价格显著高于 VWAP，且 RSI 偏高，做空等回归,652.79,0.0,RANGE,VWAP_2.5,0.0,SHORT,652.79,634.40439077,653.60214286,1191.2713,3573.814,3.0
2026-03-12 19:55:54,ACCOUNT,ACCOUNT,FUNDING,本轮收取资金费 0.2146U,,,,,,,,,,,,
2026-03-12 19:55:54,AVAXUSDT,POSITION,PARTIAL_TP,达到第一目标，部分止盈并下移止损到入场附近,9.561,0.4916,RANGE,VWAP_2.5,17.534,SHORT,9.608,9.34947107,9.63878571,,,
2026-03-12 19:55:54,BNBUSDT,POSITION,PARTIAL_TP,达到第一目标，部分止盈并下移止损到入场附近,651.84,0.1457,RANGE,VWAP_2.5,5.2009,SHORT,652.79,634.40439077,653.60214286,,,
2026-03-12 19:55:54,FILUSDT,POSITION,CLOSE,触发止损,0.8619,-0.22,RANGE,VWAP_2.5,-10.72,LONG,0.8638,0.91288942,0.86207857,,,
2026-03-12 19:55:54,APTUSDT,ENTRY,OPEN,震荡市场中价格显著低于 VWAP，且 RSI 偏低，做多等回归,0.9214,0.0,RANGE,VWAP_2.5,0.0,LONG,0.9214,0.94741538,0.91897857,1191.3297,3573.9891,3.0
2026-03-12 20:40:20,ACCOUNT,ACCOUNT,FUNDING,本轮收取资金费 0.2146U,,,,,,,,,,,,
2026-03-12 20:40:20,AVAXUSDT,POSITION,MOVE_SL,盈利扩大，下移止损,9.585,0.24,RANGE,VWAP_2.5,8.5805,SHORT,9.608,9.34947107,9.608,,,
2026-03-12 20:40:20,BNBUSDT,POSITION,CLOSE,触发止损,652.85,-0.0092,RANGE,VWAP_2.5,-3.1875,SHORT,652.79,634.40439077,652.79,,,
2026-03-12 20:40:20,APTUSDT,POSITION,PARTIAL_TP,达到第一目标，部分止盈并上移止损到入场附近,0.9244,0.3256,RANGE,VWAP_2.5,11.6366,LONG,0.9214,0.94741538,0.91897857,,,
2026-03-12 20:40:20,ADAUSDT,ENTRY,OPEN,震荡市场中价格高于 VWAP 2%，偏离足够，做空等回归,0.263,0.0,RANGE,VWAP_2.0,0.0,SHORT,0.263,0.25778875,0.26378571,1190.2762,3570.8286,3.0
2026-03-12 21:48:10,ACCOUNT,ACCOUNT,FUNDING,本轮收取资金费 0.2146U,,,,,,,,,,,,
2026-03-12 21:48:10,AVAXUSDT,POSITION,HOLD,结构未失效，继续持有,9.532,0.7973,RANGE,VWAP_2.5,28.3528,SHORT,9.608,9.34947107,9.58199028,,,
2026-03-12 21:48:10,APTUSDT,POSITION,CLOSE,触发止损,0.9112,-1.107,TREND_DOWN,VWAP_2.5,-42.4236,LONG,0.9214,0.94741538,0.9214,,,
2026-03-12 21:48:10,ADAUSDT,POSITION,PARTIAL_TP,达到第一目标，部分止盈并下移止损到入场附近,0.2607,0.8822,RANGE,VWAP_2.0,31.2278,SHORT,0.263,0.25778875,0.26378571,,,
2026-03-12 21:48:10,FILUSDT,ENTRY,OPEN,震荡市场中价格显著低于 VWAP，且 RSI 偏低，做多等回归,0.8615,0.0,RANGE,VWAP_2.5,0.0,LONG,0.8615,0.91166109,0.85862143,1189.5404,3568.6213,3.0
2026-03-12 22:36:21,ACCOUNT,ACCOUNT,FUNDING,本轮收取资金费 0.2145U,,,,,,,,,,,,
2026-03-12 22:36:21,AVAXUSDT,POSITION,MOVE_SL,盈利扩大，下移止损,9.509,1.0411,RANGE,VWAP_2.5,36.9333,SHORT,9.608,9.34947107,9.58199028,,,
2026-03-12 22:36:21,FILUSDT,POSITION,CLOSE,触发止损,0.8575,-0.4643,RANGE,VWAP_2.5,-19.4242,LONG,0.8615,0.91166109,0.85862143,,,
2026-03-12 22:36:21,ADAUSDT,POSITION,MOVE_SL,盈利扩大，下移止损,0.2597,1.2707,RANGE,VWAP_2.0,44.8051,SHORT,0.263,0.25778875,0.263,,,
2026-03-12 22:36:21,FILUSDT,ENTRY,OPEN,震荡市场中价格显著低于 VWAP，且 RSI 偏低，做多等回归,0.8575,0.0,RANGE,VWAP_2.5,0.0,LONG,0.8575,0.91064264,0.85305,1189.5001,3568.5004,3.0
2026-03-12 23:36:28,ACCOUNT,ACCOUNT,FUNDING,本轮收取资金费 0.2145U,,,,,,,,,,,,
2026-03-12 23:36:28,AVAXUSDT,POSITION,CLOSE,保护止盈离场,9.583,0.2609,RANGE,VWAP_2.5,6.4591,SHORT,9.608,9.34947107,9.55778088,,,
2026-03-12 23:36:28,FILUSDT,POSITION,MOVE_SL,盈利扩大，上移止损,0.8604,0.3382,RANGE,VWAP_2.5,12.0684,LONG,0.8575,0.91064264,0.85305,,,
2026-03-12 23:36:28,ADAUSDT,POSITION,MOVE_SL,盈利扩大，下移止损,0.2613,0.6506,RANGE,VWAP_2.0,23.0814,SHORT,0.263,0.25778875,0.26146691,,,
2026-03-12 23:36:28,ETHUSDT,ENTRY,OPEN,震荡市场中价格显著高于 VWAP，且 RSI 偏高，做空等回归,2066.48,0.0,RANGE,VWAP_2.5,0.0,SHORT,2066.48,2014.01190725,2075.92285714,1184.3163,3552.9488,3.0
2026-03-13 00:38:29,ACCOUNT,ACCOUNT,FUNDING,本轮收取资金费 0.2138U,,,,,,,,,,,,
2026-03-13 00:38:29,FILUSDT,POSITION,PARTIAL_TP,达到第一目标，部分止盈并上移止损到入场附近,0.8616,0.4781,RANGE,VWAP_2.5,17.0622,LONG,0.8575,0.91064264,0.85966601,,,
2026-03-13 00:38:29,ADAUSDT,POSITION,CLOSE,保护止盈离场,0.2629,0.038,RANGE,VWAP_2.0,-1.4989,SHORT,0.263,0.25778875,0.26083149,,,
2026-03-13 00:38:29,ETHUSDT,POSITION,HOLD,结构未失效，继续持有,2070.56,-0.197,RANGE,VWAP_2.5,-7.0148,SHORT,2066.48,2014.01190725,2075.92285714,,,
2026-03-13 00:38:29,ATOMUSDT,ENTRY,OPEN,震荡市场中价格高于 VWAP 2%，偏离足够，做空等回归,1.8223,0.0,RANGE,VWAP_2.0,0.0,SHORT,1.8223,1.77858634,1.82676429,1180.7574,3542.2721,3.0
2026-03-13 01:30:24,ACCOUNT,ACCOUNT,FUNDING,本轮收取资金费 0.2133U,,,,,,,,,,,,
2026-03-13 01:30:24,FILUSDT,POSITION,CLOSE,保护止盈离场,0.8578,0.035,RANGE,VWAP_2.5,-1.6063,LONG,0.8575,0.91064264,0.85966601,,,
2026-03-13 01:30:24,ETHUSDT,POSITION,HOLD,结构未失效，继续持有,2061.25,0.2537,RANGE,VWAP_2.5,8.9921,SHORT,2066.48,2014.01190725,2075.92285714,,,
2026-03-13 01:30:24,ATOMUSDT,POSITION,PARTIAL_TP,达到第一目标，部分止盈并下移止损到入场附近,1.8164,0.3248,RANGE,VWAP_2.0,11.4687,SHORT,1.8223,1.77858634,1.82676429,,,
2026-03-13 01:30:24,FILUSDT,ENTRY,OPEN,震荡市场中价格显著低于 VWAP，且 RSI 偏低，做多等回归,0.8578,0.0,RANGE,VWAP_2.5,0.0,LONG,0.8578,0.90864489,0.85549286,1181.4486,3544.3457,3.0
2026-03-13 02:10:01,ACCOUNT,ACCOUNT,FUNDING,本轮收取资金费 0.2128U,,,,,,,,,,,,
2026-03-13 02:10:01,FILUSDT,POSITION,PARTIAL_TP,达到第一目标，部分止盈并上移止损到入场附近,0.8629,0.5945,RANGE,VWAP_2.5,21.0727,LONG,0.8578,0.90864489,0.85549286,,,
2026-03-13 02:10:01,ETHUSDT,POSITION,PARTIAL_TP,达到第一目标，部分止盈并下移止损到入场附近,2057.85,0.4194,RANGE,VWAP_2.5,14.8378,SHORT,2066.48,2014.01190725,2075.92285714,,,
2026-03-13 02:10:01,ATOMUSDT,POSITION,MOVE_SL,盈利扩大，下移止损,1.8125,0.5407,RANGE,VWAP_2.0,19.0497,SHORT,1.8223,1.77858634,1.8223,,,
2026-03-13 03:10:03,ACCOUNT,ACCOUNT,FUNDING,本轮收取资金费 0.2128U,,,,,,,,,,,,
2026-03-13 03:10:03,FILUSDT,POSITION,MOVE_SL,盈利扩大，上移止损,0.8636,0.6761,RANGE,VWAP_2.5,23.965,LONG,0.8578,0.90864489,0.8578,,,
2026-03-13 03:10:03,ETHUSDT,POSITION,MOVE_SL,盈利扩大，下移止损,2050.26,0.7911,RANGE,VWAP_2.5,27.8874,SHORT,2066.48,2014.01190725,2066.48,,,
2026-03-13 03:10:03,ATOMUSDT,POSITION,CLOSE,触发止损,1.8256,-0.1808,RANGE,VWAP_2.0,-9.2485,SHORT,1.8223,1.77858634,1.81527963,,,
2026-03-13 03:10:03,INJUSDT,ENTRY,OPEN,震荡市场中价格显著高于 VWAP，且 RSI 偏高，做空等回归,3.018,0.0,RANGE,VWAP_2.5,0.0,SHORT,3.018,2.91002761,3.024,1183.7144,3551.1432,3.0
2026-03-13 03:51:16,ACCOUNT,ACCOUNT,FUNDING,本轮收取资金费 0.2130U,,,,,,,,,,,,
2026-03-13 03:51:16,INJUSDT,POSITION,CLOSE,触发止损,3.033,-0.4946,TREND_UP,VWAP_2.5,-20.4907,SHORT,3.018,2.91002761,3.024,,,
2026-03-13 03:51:16,FILUSDT,POSITION,MOVE_SL,盈利扩大，上移止损,0.8719,1.6437,RANGE,VWAP_2.5,58.2598,LONG,0.8578,0.90864489,0.86470642,,,
2026-03-13 03:51:16,ETHUSDT,POSITION,CLOSE,触发止损,2070.0,-0.17,RANGE,VWAP_2.5,-8.8944,SHORT,2066.48,2014.01190725,2054.51445952,,,
2026-03-13 03:51:16,SOLUSDT,ENTRY,OPEN,震荡市场中价格高于 VWAP 2%，偏离足够，做空等回归,86.807,0.0,RANGE,VWAP_2.0,0.0,SHORT,86.807,85.07993497,87.06535714,1180.5906,3541.7719,3.0
2026-03-13 03:51:16,ETHUSDT,ENTRY,OPEN,震荡市场中价格显著高于 VWAP，且 RSI 偏高，做空等回归,2070.0,0.0,RANGE,VWAP_2.5,0.0,SHORT,2070.0,2015.77549431,2075.395,1180.5906,3541.7719,3.0
2026-03-13 04:19:30,ACCOUNT,ACCOUNT,FUNDING,本轮收取资金费 0.2126U,,,,,,,,,,,,
2026-03-13 04:19:30,FILUSDT,POSITION,CLOSE,保护止盈离场,0.8638,0.6995,RANGE,VWAP_2.5,21.9559,LONG,0.8578,0.90864489,0.8674052,,,
2026-03-13 04:19:30,ETHUSDT,POSITION,MOVE_SL,盈利扩大，下移止损,2065.67,0.2096,RANGE,VWAP_2.5,7.4086,SHORT,2070.0,2015.77549431,2075.395,,,
2026-03-13 04:19:30,SOLUSDT,POSITION,MOVE_SL,盈利扩大，下移止损,86.588,0.2529,RANGE,VWAP_2.0,8.9353,SHORT,86.807,85.07993497,87.06535714,,,
2026-03-13 04:19:30,FILUSDT,ENTRY,OPEN,震荡市场中价格显著低于 VWAP，且 RSI 偏低，做多等回归,0.8638,0.0,RANGE,VWAP_2.5,0.0,LONG,0.8638,0.90694437,0.86165714,1177.4899,3532.4697,3.0
2026-03-13 04:55:37,ACCOUNT,ACCOUNT,FUNDING,本轮收取资金费 0.2123U,,,,,,,,,,,,
2026-03-13 04:55:37,FILUSDT,POSITION,HOLD,结构未失效，继续持有,0.8637,-0.0116,RANGE,VWAP_2.5,-0.4089,LONG,0.8638,0.90694437,0.86165714,,,
2026-03-13 04:55:37,ETHUSDT,POSITION,PARTIAL_TP,达到第一目标，部分止盈并下移止损到入场附近,2061.9,0.3928,RANGE,VWAP_2.5,13.8591,SHORT,2070.0,2015.77549431,2063.19614173,,,
2026-03-13 04:55:37,SOLUSDT,POSITION,PARTIAL_TP,达到第一目标，部分止盈并下移止损到入场附近,86.437,0.4281,RANGE,VWAP_2.0,15.0962,SHORT,86.807,85.07993497,86.50883415,,,
2026-03-13 05:24:58,ACCOUNT,ACCOUNT,FUNDING,本轮收取资金费 0.2123U,,,,,,,,,,,,
2026-03-13 05:24:58,FILUSDT,POSITION,HOLD,结构未失效，继续持有,0.8635,-0.0347,RANGE,VWAP_2.5,-1.2268,LONG,0.8638,0.90694437,0.86165714,,,
2026-03-13 05:24:58,ETHUSDT,POSITION,MOVE_SL,盈利扩大，下移止损,2061.37,0.4187,RANGE,VWAP_2.5,14.7659,SHORT,2070.0,2015.77549431,2063.19614173,,,
2026-03-13 05:24:58,SOLUSDT,POSITION,MOVE_SL,盈利扩大，下移止损,86.42,0.4478,RANGE,VWAP_2.0,15.7898,SHORT,86.807,85.07993497,86.50883415,,,
2026-03-13 05:53:30,ACCOUNT,ACCOUNT,FUNDING,本轮收取资金费 0.2123U,,,,,,,,,,,,
2026-03-13 05:53:30,FILUSDT,POSITION,MOVE_SL,盈利扩大，上移止损,0.8651,0.1505,RANGE,VWAP_2.5,5.3163,LONG,0.8638,0.90694437,0.86165714,,,
2026-03-13 05:53:30,ETHUSDT,POSITION,MOVE_SL,盈利扩大，下移止损,2059.76,0.4971,RANGE,VWAP_2.5,17.5206,SHORT,2070.0,2015.77549431,2063.05987853,,,
2026-03-13 05:53:30,SOLUSDT,POSITION,MOVE_SL,盈利扩大，下移止损,86.271,0.6213,RANGE,VWAP_2.0,21.8691,SHORT,86.807,85.07993497,86.49108335,,,
2026-03-13 06:13:14,ACCOUNT,ACCOUNT,FUNDING,本轮收取资金费 0.2123U,,,,,,,,,,,,
2026-03-13 06:13:14,FILUSDT,POSITION,PARTIAL_TP,达到第一目标，部分止盈并上移止损到入场附近,0.8661,0.2663,RANGE,VWAP_2.5,9.4057,LONG,0.8638,0.90694437,0.8638,,,
2026-03-13 06:13:14,ETHUSDT,POSITION,CLOSE,保护止盈离场,2064.79,0.2523,RANGE,VWAP_2.5,6.0809,SHORT,2070.0,2015.77549431,2061.52156383,,,
2026-03-13 06:13:14,SOLUSDT,POSITION,CLOSE,保护止盈离场,86.453,0.4095,RANGE,VWAP_2.0,11.61,SHORT,86.807,85.07993497,86.38854662,,,
2026-03-13 06:13:14,DOGEUSDT,ENTRY,OPEN,震荡市场中价格显著高于 VWAP，且 RSI 偏高，做空等回归,0.09476,0.0,RANGE,VWAP_2.5,0.0,SHORT,0.09476,0.09234377,0.09491214,1178.3392,3535.0176,3.0
2026-03-13 06:13:14,SUIUSDT,ENTRY,OPEN,震荡市场中价格显著高于 VWAP，且 RSI 偏高，做空等回归,0.9795,0.0,RANGE,VWAP_2.5,0.0,SHORT,0.9795,0.94531106,0.98126429,1178.3392,3535.0176,3.0
2026-03-13 06:45:35,ACCOUNT,ACCOUNT,FUNDING,本轮收取资金费 0.2121U,,,,,,,,,,,,
2026-03-13 06:45:35,SUIUSDT,POSITION,PARTIAL_TP,达到第一目标，部分止盈并下移止损到入场附近,0.9762,0.338,RANGE,VWAP_2.5,11.9097,SHORT,0.9795,0.94531106,0.98126429,,,
2026-03-13 06:45:35,FILUSDT,POSITION,MOVE_SL,盈利扩大，上移止损,0.8698,0.6946,RANGE,VWAP_2.5,24.5367,LONG,0.8638,0.90694437,0.8638,,,
2026-03-13 06:45:35,DOGEUSDT,POSITION,PARTIAL_TP,达到第一目标，部分止盈并下移止损到入场附近,0.09444,0.3388,RANGE,VWAP_2.5,11.9376,SHORT,0.09476,0.09234377,0.09491214,,,
2026-03-13 07:01:59,ACCOUNT,ACCOUNT,FUNDING,本轮收取资金费 0.2121U,,,,,,,,,,,,
2026-03-13 07:01:59,SUIUSDT,POSITION,CLOSE,触发止损,0.9819,-0.2444,RANGE,VWAP_2.5,-11.4896,SHORT,0.9795,0.94531106,0.9795,,,
2026-03-13 07:01:59,FILUSDT,POSITION,MOVE_SL,盈利扩大，上移止损,0.8702,0.7409,RANGE,VWAP_2.5,26.1725,LONG,0.8638,0.90694437,0.86688745,,,
2026-03-13 07:01:59,DOGEUSDT,POSITION,MOVE_SL,盈利扩大，下移止损,0.09454,0.2327,RANGE,VWAP_2.5,8.2071,SHORT,0.09476,0.09234377,0.09476,,,
2026-03-13 07:01:59,SUIUSDT,ENTRY,OPEN,震荡市场中价格显著高于 VWAP，且 RSI 偏高，做空等回归,0.9819,0.0,RANGE,VWAP_2.5,0.0,SHORT,0.9819,0.94562694,0.98408571,1179.2277,3537.6831,3.0
2026-03-13 07:36:54,ACCOUNT,ACCOUNT,FUNDING,本轮收取资金费 0.2121U,,,,,,,,,,,,
2026-03-13 07:36:54,SUIUSDT,POSITION,CLOSE,触发止损,0.989,-0.7179,TREND_UP,VWAP_2.5,-28.4107,SHORT,0.9819,0.94562694,0.98408571,,,
2026-03-13 07:36:54,FILUSDT,POSITION,MOVE_SL,盈利扩大，上移止损,0.8744,1.2271,TREND_UP,VWAP_2.5,43.3482,LONG,0.8638,0.90694437,0.86776408,,,
2026-03-13 07:36:54,DOGEUSDT,POSITION,CLOSE,触发止损,0.09485,-0.0949,RANGE,VWAP_2.5,-6.1855,SHORT,0.09476,0.09234377,0.09443811,,,
2026-03-13 07:36:54,APTUSDT,ENTRY,OPEN,震荡市场中价格显著低于 VWAP，且 RSI 偏低，做多等回归,0.9143,0.0,RANGE,VWAP_2.5,0.0,LONG,0.9143,0.94296341,0.91163571,1175.7873,3527.3619,3.0
2026-03-13 07:55:09,ACCOUNT,ACCOUNT,FUNDING,本轮收取资金费 0.1412U,,,,,,,,,,,,
2026-03-13 07:55:09,FILUSDT,POSITION,MOVE_SL,盈利扩大，上移止损,0.8788,1.7365,TREND_UP,VWAP_2.5,61.3418,LONG,0.8638,0.90694437,0.87184119,,,
2026-03-13 07:55:09,APTUSDT,POSITION,PARTIAL_TP,达到第一目标，部分止盈并上移止损到入场附近,0.9188,0.4922,RANGE,VWAP_2.5,17.361,LONG,0.9143,0.94296341,0.91163571,,,
2026-03-13 07:55:09,ATOMUSDT,ENTRY,OPEN,震荡市场中价格高于 VWAP 2%，偏离足够，做空等回归,1.837,0.0,RANGE,VWAP_2.0,0.0,SHORT,1.837,1.78012075,1.84073571,1179.6743,3539.0228,3.0
2026-03-13 09:10:33,ACCOUNT,ACCOUNT,FUNDING,本轮收取资金费 0.2120U,,,,,,,,,,,,
2026-03-13 09:10:33,FILUSDT,POSITION,MOVE_SL,盈利扩大，上移止损,0.8871,2.6974,TREND_UP,VWAP_2.5,95.2843,LONG,0.8638,0.90694437,0.87411435,,,
2026-03-13 09:10:33,APTUSDT,POSITION,MOVE_SL,盈利扩大，上移止损,0.9249,1.1594,TREND_UP,VWAP_2.5,40.8947,LONG,0.9143,0.94296341,0.9143,,,
2026-03-13 09:10:33,ATOMUSDT,POSITION,CLOSE,触发止损,1.8433,-0.3418,RANGE,VWAP_2.0,-14.9683,SHORT,1.837,1.78012075,1.84073571,,,
2026-03-13 11:36:57,ACCOUNT,ACCOUNT,FUNDING,本轮收取资金费 0.1412U,,,,,,,,,,,,
2026-03-13 11:36:57,FILUSDT,POSITION,MOVE_SL,盈利扩大，上移止损,0.8902,3.0563,TREND_UP,VWAP_2.5,107.9616,LONG,0.8638,0.90694437,0.88320141,,,
2026-03-13 11:36:57,APTUSDT,POSITION,MOVE_SL,盈利扩大，上移止损,0.9411,2.9312,TREND_UP,VWAP_2.5,103.3942,LONG,0.9143,0.94296341,0.91957961,,,
